url,date
https://www.listennotes.com/e/p/b912b38afdbe4b0f9fd6cebb5f9d9881/,2022-09-23
https://www.listennotes.com/e/p/0e31eee20e7f4dae8c74e8a1d01074fb/,2022-11-09
https://www.listennotes.com/e/p/197b548704824c4b840252604641f2a4/,2022-10-28
https://www.listennotes.com/e/p/4c1d0f4cf42d418eb8188abe2ed05d04/,2022-11-04
https://www.listennotes.com/e/p/e1bf6cbfa5d846239ce8aa9556f8f368/,2022-11-11
https://www.listennotes.com/e/p/0e14ba0096904c6e89f752d3d2172ab5/,2022-11-02
https://www.listennotes.com/e/p/7e540f600e314484b921e7242a490d6f/,2022-10-31
https://www.listennotes.com/e/p/a6a1bd8bf8a24464a3b641c34c4a5c87/,2022-11-07
https://www.listennotes.com/e/p/9a124840e6d741e492fef7b5b2d613af/,2022-10-14
https://www.listennotes.com/e/p/14c1c1f39c364913b942012c232960f9/,2022-10-19
https://www.listennotes.com/e/p/15a12b400f1844c3bb1b576b04ce5657/,2022-10-12
https://www.listennotes.com/e/p/4754b46c1f26416f8e21a3e5b7d02e5e/,2022-09-14
https://www.listennotes.com/e/p/ee9caf6193c5416d986151938e955389/,2022-09-28
https://www.listennotes.com/e/p/4fe73fbe646e4aab897fa40e7862ac21/,2022-10-26
https://www.listennotes.com/e/p/d316fb7a0c5d42989778c64043e2715b/,2022-09-19
https://www.listennotes.com/e/p/30482f2002ab48c99fc80a8406860b88/,2022-09-06
https://www.listennotes.com/e/p/c23a9ffa97154caabb0a301e2996b182/,2022-09-30
https://www.listennotes.com/e/p/f6a452a023b246d094e1bb6c4ef2ed62/,2022-09-02
https://www.listennotes.com/e/p/5b369876cbc24ef2b31375d162e9365f/,2022-09-26
https://www.listennotes.com/e/p/826bc80dbe3d4cd9859bb07f3339da49/,2022-10-05
https://www.listennotes.com/e/p/503a8b61ec3a465e8f3aed7e9c6a3a9b/,2023-02-23
https://www.listennotes.com/e/p/404c6230a8ee46c688e3c44ea2f42b14/,2023-02-24
https://www.listennotes.com/e/p/e66d20e6c6eb47a994a92eff215a39f0/,2023-02-03
https://www.listennotes.com/e/p/247a07af9f014869a6153580326d9fc6/,2023-01-18
https://www.listennotes.com/e/p/20b7bd9e9b474c8bb2f139b226d6670d/,2023-02-01
https://www.listennotes.com/e/p/c8f20016355a4424b62aa9e91db09713/,2023-01-31
https://www.listennotes.com/e/p/d16405d70b0f467dac20619431500161/,2023-01-27
https://www.listennotes.com/e/p/81d7195f3ec647509e8c5732e127f4c9/,2023-01-19
https://www.listennotes.com/e/p/f4881ea992de4f909508405e48401f78/,2023-02-20
https://www.listennotes.com/e/p/a39eb4d15bdd4a20bdcc385ddbeba9cb/,2023-01-20
https://www.listennotes.com/e/p/5d14da8cd8bb48f984d6815bfadece05/,2023-01-06
https://www.listennotes.com/e/p/b4177a2b844a444c879f93a8b4a570f9/,2022-11-30
https://www.listennotes.com/e/p/3490c45e611443398762656ae69c2769/,2022-12-09
https://www.listennotes.com/e/p/9bc9d9ed5486481f8dda9020794d1a9a/,2022-12-07
https://www.listennotes.com/e/p/c0d8906bace343948f8cae05f84ea6f3/,2022-12-16
https://www.listennotes.com/e/p/decbc88039964e4fb642c31836eb1b7e/,2023-01-02
https://www.listennotes.com/e/p/58359c323f4f43e3bbe2104dfed16848/,2022-12-12
https://www.listennotes.com/e/p/60163bec98c447a2a6690d7829bad3d3/,2023-01-11
https://www.listennotes.com/e/p/f0a37edc7d494a31866fdea2f2442a17/,2022-12-23
https://www.listennotes.com/e/p/a0bb8c15b5d54b649b6925ed4cdf5e6c/,2022-12-30
https://www.listennotes.com/e/p/8a92744bdaef48fe8a43eb1f9b003015/,2023-02-16
https://www.listennotes.com/e/p/277c2c7804b04f9ea01362b93e22ac5e/,2023-01-17
https://www.listennotes.com/e/p/df269cb000f34154a5a52156e2cab937/,2023-01-24
https://www.listennotes.com/e/p/df09bd53e93f43718b65189edc3ad42a/,2023-01-30
https://www.listennotes.com/e/p/e1ae74f8a7064525b22ff814fcaf84f8/,2023-01-26
https://www.listennotes.com/e/p/62d24110788c4825ad826e82ec35f755/,2023-01-23
https://www.listennotes.com/e/p/aaf01b15e46643b49a954e3f002bcd72/,2023-01-25
https://www.listennotes.com/e/p/74058dd44760416ab4665238d7a49433/,2022-12-05
https://www.listennotes.com/e/p/07344c7fb2ce4360994be5a36bc1a282/,2023-01-09
https://www.listennotes.com/e/p/b9721d0b754443d8ba05f6bb9aff86f8/,2022-12-26
https://www.listennotes.com/e/p/d4adce6bbce9425fac82edd1a40aea87/,2022-12-21
https://www.listennotes.com/e/p/f60ed68bfcc2442d82a76cb66c044d4e/,2022-12-14
https://www.listennotes.com/e/p/45fd31237e7f4f7fa061d7184e13d4d3/,2022-12-19
https://www.listennotes.com/e/p/4993cf816c5a48df9fe251dd8ae6f01c/,2022-12-02
https://www.listennotes.com/e/p/f1dcef612d8d47f79f5f36c6d7bcf59b/,2023-01-13
https://www.listennotes.com/e/p/51eb037e0f8047cf8ecfa063d42a7a4d/,2023-05-02
https://www.listennotes.com/e/p/e1a4f883be1547ddbf70b5e7b39bc90b/,2023-03-30
https://www.listennotes.com/e/p/8f5d2751316b4bf68b4df04842d06889/,2023-04-17
https://www.listennotes.com/e/p/cad4cfa658c545c2beeef8b199d8b7c8/,2023-05-11
https://www.listennotes.com/e/p/605014820c7d4674a780a2e64d107257/,2023-05-23
https://www.listennotes.com/e/p/2fd934563a704f7a89c9c12f6e6b8cfa/,2023-04-27
https://www.listennotes.com/e/p/49fc8f8ef0f14eea99709d166266d5bb/,2023-03-29
https://www.listennotes.com/e/p/5615df33b01b4f5b9e70e38591d7441d/,2023-04-12
https://www.listennotes.com/e/p/c93d1dd14238442abf295f8b07682b09/,2023-05-18
https://www.listennotes.com/e/p/218e345bb88a499abdd76517e6973dae/,2023-05-12
https://www.listennotes.com/e/p/d8c18985cd1b4b8bbd064351ffbaaf31/,2023-05-26
https://www.listennotes.com/e/p/67daab92ef6441df971bc48e00aae3a8/,2023-03-10
https://www.listennotes.com/e/p/d5764485c5f44a88b8a86a8c2ac81cdc/,2023-05-24
https://www.listennotes.com/e/p/ac53222c967f40c1850d544b9d02756c/,2023-03-20
https://www.listennotes.com/e/p/350533c9eccc4d8fbd61c90a71856e6f/,2023-04-06
https://www.listennotes.com/e/p/7dfb6651ddbe4c30b1fb97f9b18f20f3/,2023-04-07
https://www.listennotes.com/e/p/56200ec04cb244e89a451c87bedd5b12/,2023-04-18
https://www.listennotes.com/e/p/e1ab8f73dac4427bac4460cce31899c6/,2023-03-27
https://www.listennotes.com/e/p/05ea984ae1ee4571ad42e2f95e178a38/,2023-05-05
https://www.listennotes.com/e/p/41cec8a6b92e43a78e96ce2bb2380398/,2023-03-21
https://www.listennotes.com/e/p/e42ee14eb1d542b4bec84a393196af05/,2023-04-25
https://www.listennotes.com/e/p/85811c7bb4ef42cfb4e9ce07de00ca3c/,2023-07-06
https://www.listennotes.com/e/p/2d19e564d8db4a78a7c0ddb1f255e997/,2023-07-05
https://www.listennotes.com/e/p/7e4045c0696a4d7093bac1160350c886/,2023-06-22
https://www.listennotes.com/e/p/9d748a43249b44fcae32c9e99bd7e5d4/,2023-07-11
https://www.listennotes.com/e/p/95f92dfb78aa460fab6ef18fda09341d/,2023-07-03
https://www.listennotes.com/e/p/8ac6a147eeb64cbf98c6e116a62eff2c/,2023-06-19
https://www.listennotes.com/e/p/489df58047704e6d827a3a5313d035f5/,2023-07-24
https://www.listennotes.com/e/p/6289948192e8463fb3435c946b321145/,2023-07-20
https://www.listennotes.com/e/p/05d947782b304516a1c4fe19bea6b6f5/,2023-07-14
https://www.listennotes.com/e/p/8dcf13a3af0442b6be84bb7326252e47/,2023-07-21
https://www.listennotes.com/e/p/fa119b30b0a34321810bd7a9a3d13656/,2023-07-07
https://www.listennotes.com/e/p/a1103949bc4b4e6e96464cd3426079fc/,2023-06-21
https://www.listennotes.com/e/p/ac4453f1921e436aad42309b2f90f32e/,2023-06-07
https://www.listennotes.com/e/p/0e0d8a9f84c54942a135ea14ecd16ef5/,2023-06-16
https://www.listennotes.com/e/p/6b22ee12c17749b0b27d71ea536f2a7f/,2023-06-06
https://www.listennotes.com/e/p/8546bdc2e821470694dfd74c7cf5130e/,2023-06-23
https://www.listennotes.com/e/p/73a3afef8f82415e9fb211a09388ec73/,2023-06-15
https://www.listennotes.com/e/p/2813e50be8ca41eb8cc8d540f2042fae/,2023-06-13
https://www.listennotes.com/e/p/6c42d4fca2c047ad92ee9cff5a743448/,2023-07-18
https://www.listennotes.com/e/p/51412bde1c024fe087ca3460a0ca5c64/,2023-06-26
https://www.listennotes.com/e/p/489df58047704e6d827a3a5313d035f5/,2023-07-24
https://www.listennotes.com/e/p/6f244353f9aa438d9a8b53334b50a1eb/,2023-07-25
